name,lat,lon
"Aberdeen Airport, SD",45.45,-98.43
"Aberdeen, WA",46.98,-123.82
"Abilene Airport, TX",32.42,-99.68
"Ada, OK",34.78,-96.68
"Adrian, MI",41.92,-84.02
"Akron-Canton Airport, OH",40.92,-81.43
"Alamosa Airport, CO",37.45,-105.87
"Albany Airport - South, NY",42.75,-73.8
"Albany, NY",42.65,-73.75
"Albany, OR",44.63,-123.12
"Albany, Turner AFB, GA",31.6,-84.08
"Albert Lea, MN",43.65,-93.35
"Albuquerque Airport - South, NM",35.05,-106.62
"Alexander City, AL",32.95,-85.95
"Alexandria Airport, LA",31.4,-92.3
"Alexandria Airport, MN",45.87,-95.38
"Alice Airport, TX",27.73,-98.03
"Allentown Airport, PA",40.65,-75.43
"Alpena Airport, MI",45.07,-83.43
"Altoona, PA",40.3,-78.32
"Altus AFB, OK",34.65,-99.27
"Amarillo Airport, TX",35.23,-100.7
"Americus, GA",32.05,-84.23
"Ames - South, IA",42.03,-93.8
"Anderson, IN",40.1,-85.62
"Anderson, SC",34.5,-82.72
"Andrews AFB, DC",38.08,-76.08
"Annapolis, MD",38.98,-76.49
"Anniston Airport, AL",33.58,-85.85
"Appleton, WI",44.25,-88.38
"Ardmore, OK",34.3,-97.02
"Artesia, NM",32.77,-104.38
"Asheville Airport, NC",35.43,-82.53
"Ashland, KY",38.55,-82.73
"Ashland, WI",46.57,-90.97
"Ashtabula, OH",41.85,-80.8
"Astoria Airport - South, OR",46.15,-123.88
"Atchison, KS",39.57,-95.12
"Athens, GA",33.95,-83.32
"Athens, OH",39.33,-82.1
"Athens, TN",35.43,-84.58
"Atlanta Airport - South, GA",33.65,-84.43
"Atlantic City, NJ",39.38,-74.43
"Auburn, AL",32.6,-85.5
"Auburn, NY",42.9,-76.53
"Augusta Airport, GA",33.37,-81.97
"Augusta, ME",44.31,-69.78
"Aurora, IL",41.75,-88.33
"Austin, TX",30.28,-97.74
"Baker Airport, OR",44.83,-117.82
"Bakersfield Airport, CA",35.42,-119.05
"Baltimore Airport, MD",39.18,-76.67
"Baltimore, MD",39.33,-76.42
"Bangor, Dow AFB, ME",44.8,-68.83
"Barre, VT",44.2,-72.52
"Barstow Airport, CA",34.85,-116.78
"Bartlesville, OK",36.75,-96
"Batavia, NY",43,-78.18
"Baton Rouge, LA",30.45,-91.19
"Battle Creek Airport, MI",42.32,-85.25
"Bay City, TX",29,-95.97
"Beatrice, NE",40.27,-96.75
"Beaumont, TX",29.95,-94.02
"Beckley, WV",37.78,-81.12
"Bedford, IN",38.85,-86.5
"Beeville, TX",28.37,-97.67
"Belle Glade, FL",26.65,-80.65
"Belleville, Scott AFB, IL",38.55,-89.85
"Bellingham Airport, WA",48.8,-122.53
"Beloit, WI",42.5,-89.03
"Bemidji Airport, MN",47.52,-94.93
"Bend, OR",44.07,-121.32
"Benton Harbor Airport, MI",42.13,-86.43
"Berlin, NH",44.05,-71.02
"Big Spring Airport - South, TX",32.3,-101.45
"Billings Airport, MT",45.8,-108.53
"Biloxi--Keesler AFB, MS",30.42,-88.92
"Binghamton Airport, NY",42.22,-75.98
"Birmingham Airport, AL",33.57,-86.75
"Bismarck, ND",46.81,-100.78
"Bloomington, IL",40.48,-88.95
"Bloomington, IN",39.13,-86.62
"Bluefield Airport, WV",37.3,-81.22
"Blythe Airport, CA",33.62,-114.72
"Blytheville AFB, AR",35.95,-89.95
"Bogalusa, LA",30.78,-89.87
"Boise, ID",43.62,-116.2
"Boston, MA",42.36,-71.06
"Boulder, CO",40,-105.27
"Bowling Green Airport, KY",35.97,-86.47
"Bowling Green, OH",41.38,-83.63
"Bozeman, MT",45.78,-111.15
"Brainerd, MN",46.4,-94.13
"Bremerton, WA",47.57,-122.67
"Bridgeport Airport, CT",41.18,-73.18
"Bristol-Tri City Airport, TN",36.48,-82.4
"Brookings, SD",44.3,-96.8
"Brownsville Airport - South, TX",25.9,-97.43
"Brownwood, TX",31.8,-98.95
"Brunswick, GA",31.25,-81.48
"Bryan Airport, TX",30.67,-96.55
"Buffalo Airport, NY",42.93,-78.73
"Burbank Airport, CA",34.2,-118.35
"Burley, ID",42.53,-113.77
"Burlington Airport - South, VT",44.47,-73.15
"Burlington Airport, IA",40.78,-91.12
"Butler, PA",40.87,-79.9
"Butte Airport, MT",45.95,-112.5
"Cambridge, OH",40.07,-81.58
"Camden, AR",33.6,-92.82
"Cape Girardeau, MO",37.23,-89.58
"Cape Kennedy Airport, FL",28.48,-80.57
"Carbondale, IL",37.78,-89.25
"Caribou Airport - South, ME",46.87,-68.02
"Carlsbad Airport, NM",32.33,-104.27
"Carson City, NV",39.17,-119.77
"Casper Airport, WY",42.92,-106.47
"Cedar City Airport, UT",37.7,-113.1
"Cedar Rapids Airport, IA",41.88,-91.7
"Chadron Airport, NE",42.83,-103.08
"Chambersburg, PA",39.93,-77.63
"Champaign-Urbana, IL",40.03,-88.28
"Chanute Airport, KS",37.67,-95.48
"Charleston AFB - South, SC",32.9,-80.03
"Charleston, WV",38.35,-81.63
"Charleston, SC",32.9,-79.97
"Charlotte Airport, NC",35.22,-80.93
"Charlottesville, VA",38.03,-78.52
"Chattanooga Airport, TN",35.03,-85.2
"Cheyenne, WY",41.15,-104.82
"Chicago, IL",41.88,-87.63
"Chicago, Midway Airport, IL",41.78,-87.75
"Chicago, O'Hare Airport, IL",41.98,-87.9
"Chickasha, OK",35.05,-97.92
"Chico, CA",39.8,-121.85
"Chillicothe, OH",39.35,-83
"Cincinnati, OH",39.15,-84.52
"Claremont, NH",43.03,-72.03
"Clarksburg, WV",39.27,-80.35
"Clarksdale, MS",34.2,-90.57
"Clarksville, TN",36.55,-87.37
"Cleveland Airport - South, OH",41.4,-81.85
"Clinton, IA",41.83,-90.22
"Clinton, MA",42.4,-71.68
"Clovis Airport, NM",34.38,-103.32
"Cody Airport, WY",44.55,-109.07
"Coeur D'Alene Airport, ID",47.77,-116.82
"Colorado Springs Airport, CO",38.82,-104.72
"Columbia Airport - South, MO",38.97,-92.37
"Columbia, SC",34,-81.03
"Columbia, TN",35.63,-87.03
"Columbus AFB, MS",33.65,-88.45
"Columbus, OH",39.96,-83
"Columbus, Bakalar AFB, IN",39.27,-85.9
"Columbus, Lawson AFB, GA",32.52,-84.93
"Columbus, NE",41.47,-97.33
"Concord, NH",43.21,-71.54
"Concord, CA",37.97,-121.98
"Corbin Airport, KY",36.95,-84.1
"Corpus Christi Airport, TX",27.77,-97.5
"Corsicana, TX",32.08,-96.47
"Cortland, NY",42.6,-76.18
"Corvallis - South, OR",44.5,-123.28
"Council Bluffs, IA",41.33,-95.82
"Covina, CA",34.08,-117.87
"Covington Airport, KY",39.05,-84.67
"Crawfordsville, IN",40.05,-86.9
"Crescent City Airport, CA",41.77,-124.2
"Cumberland, MD",39.62,-78.77
"Cut Bank Airport, MT",48.62,-112.37
"Dallas Airport, TX",32.85,-96.85
"Dalton, GA",34.57,-84.95
"Danville Airport, VA",36.57,-79.33
"Danville, IL",40.2,-87.6
"Dayton Airport, OH",39.9,-84.22
"Daytona Beach Airport, FL",29.18,-81.05
"Decatur, AL",34.62,-86.98
"Decatur, IL",39.83,-88.87
"Defiance, OH",41.28,-84.38
"Del Rio, Laughlin AFB, TX",29.37,-100.78
"Denton, TX",33.2,-97.1
"Denver, CO",39.74,-104.99
"Des Moines, IA",41.59,-93.63
"Detroit, MI",42.42,-83.02
"Devils Lake, ND",48.12,-98.9
"Dickinson Airport, ND",46.8,-102.8
"Dixon, IL",41.83,-89.48
"Dodge City Airport - South, KS",37.77,-99.97
"Dothan Airport, AL",31.32,-85.45
"Douglas Airport, AZ",31.45,-109.6
"Dover, DE",39.16,-75.52
"Downey, CA",33.93,-118.13
"Dublin, GA",32.33,-82.9
"Dubuque, IA",42.4,-90.7
"Duluth Airport, MN",46.83,-92.18
"Dunkirk, NY",42.48,-79.27
"Durango, CO",37.28,-107.88
"Durham, NC",35.87,-78.78
"Dyersburg, TN",36.02,-89.4
"E Fort Lauderdale, FL",26.07,-80.15
"Eagle Pass, TX",28.87,-100.53
"Eau Claire Airport, WI",44.87,-91.48
"El Cajon, CA",32.82,-116.97
"El Cerrito Airport - South, CA",32.82,-115.67
"El Dorado Airport, AR",33.22,-92.82
"El Dorado, KS",37.82,-96.83
"El Paso Airport - South, TX",31.8,-106.4
"Elgin, IL",42.03,-88.27
"Elizabeth City Airport, NC",36.27,-76.18
"Elkins Airport, WV",38.88,-79.85
"Elko Airport, NV",40.83,-115.78
"Ellensburg Airport, WA",47.03,-120.52
"Elmira Airport, NY",42.17,-76.9
"Ely Airport - South, NV",39.28,-114.85
"Emporia, KS",38.33,-96.2
"Enid, Vance AFB, OK",36.35,-97.92
"Erie Airport, PA",42.08,-80.18
"Escanaba, MI",45.73,-87.08
"Escondido, CA",33.12,-117.08
"Eugene Airport, OR",44.12,-123.22
"Eureka-Arcata Airport, CA",40.98,-124.1
"Evanston, WY",41.27,-110.95
"Evansville Airport, IN",38.05,-87.53
"Everett, Paine AFB, WA",47.92,-122.28
"Fairbault, MN",44.3,-93.27
"Fairfield-Trafis AFB, CA",38.27,-121.93
"Fall River, MA",41.72,-71.13
"Fargo Airport, ND",46.9,-96.8
"Farmington Airport, MO",37.77,-90.4
"Farmington Airport, NM",36.73,-108.23
"Fayetteville Airport, AR",36,-94.17
"Fayetteville, Pope AFB, NC",35.17,-79.02
"Fergus Falls, MN",46.27,-96.07
"Findlay Airport, OH",41.02,-83.67
"Flagstaff Airport, AZ",35.13,-111.67
"Flint Airport, MI",42.97,-83.73
"Florence Airport, AL",34.8,-87.67
"Florence Airport, SC",34.18,-79.72
"Fond Du Lac, WI",43.8,-88.45
"Fort Collins, CO",40.75,-105.08
"Fort Dodge, IA",42.55,-94.18
"Fort Huachuca Airport - South, AZ",31.58,-110.33
"Fort Myers Airport, FL",26.58,-81.87
"Fort Pierce, FL",27.47,-80.35
"Fort Smith Airport, AR",35.33,-94.37
"Fort Wayne Airport, IN",41,-85.2
"Fort Worth Airport - South, TX",32.83,-97.05
"Framingham, MA",42.28,-71.42
"Frankfort, KY",38.2,-84.87
"Frederick Airport, MD",39.45,-77.42
"Fredericksburg, VA",38.3,-77.47
"Freeport, IL",42.3,-89.62
"Fremont, NE",41.43,-96.48
"Fremont, OH",41.33,-83.12
"Fresno Airport - South, CA",36.77,-119.72
"Gadsden, AL",34.02,-86
"Gainesville Airport - South, FL",29.68,-82.27
"Gainesville, GA",34.18,-83.68
"Galesburg, IL",40.93,-90.43
"Gallup, NM",35.52,-108.78
"Galveston Airport, TX",29.3,-94.8
"Garden City Airport, KS",37.93,-100.73
"Geneva - South, NY",42.75,-76.9
"Georgetown, SC",33.38,-79.28
"Glasgow Airport - South, MT",48.42,-106.53
"Glendive, MT",47.13,-104.8
"Glens Falls, NY",43.33,-73.62
"Gloucester, MA",42.58,-70.68
"Gloversville, NY",43.03,-74.35
"Goldsboro,Seymour-Johnson, NC",35.33,-77.97
"Goodfellow AFB, TX",31.43,-100.4
"Goodland Airport, KS",39.37,-101.7
"Goshen Airport, IN",41.53,-85.8
"Grand Forks Airport, ND",47.95,-97.4
"Grand Island Airport, NE",40.98,-98.32
"Grand Junction Airport - South, CO",39.12,-108.53
"Grand Rapids Airport, MI",42.88,-85.52
"Grants Pass, OR",42.43,-123.32
"Grants, NM",35.17,-107.9
"Great Bend, KS",38.35,-98.87
"Great Falls Airport - South, MT",47.48,-111.37
"Greeley, CO",40.43,-104.63
"Green Bay Airport, WI",44.48,-88.13
"Greenfield, MA",42.05,-72.07
"Greensboro Airport - South, NC",36.08,-79.95
"Greenville AFB, MS",33.48,-90.98
"Greenville Airport, SC",34.9,-82.22
"Greenville, IL",38.88,-89.4
"Greenville, NC",35.62,-77.42
"Greenville, TN",36.07,-82.83
"Greenville, TX",33.07,-96.05
"Greenwood, MS",33.5,-90.08
"Greenwood, SC",34.17,-82.12
"Griffin, GA",33.22,-84.27
"Hagerstown, MD",39.7,-77.73
"Hamilton AFB, CA",38.07,-122.5
"Hamilton, OH",39.4,-84.58
"Hannibal, MO",39.7,-91.35
"Harlingen, TX",26.23,-97.65
"Harrisburg, PA",40.27,-76.89
"Harrisonburg, VA",38.45,-78.9
"Hartford, CT",41.77,-72.67
"Hastings, NE",40.6,-98.43
"Hattiesburg, MS",31.27,-89.25
"Havre, MT",48.57,-109.67
"Helena, MT",46.59,-112.04
"Henderson, NC",36.37,-78.42
"Hickory, NC",35.75,-81.38
"Hilo Airport - South, HI",19.72,-155.08
"Hobart, IN",41.53,-87.25
"Hobbs Airport, NM",32.75,-103.22
"Holland, MI",42.7,-86.1
"Holloman AFB, NM",32.85,-106.1
"Honolulu, HI",21.31,-157.86
"Hopkinsville, Ft Campbell, KY",36.67,-87.48
"Hornell, NY",42.35,-77.7
"Hot Springs, AR",34.48,-93.1
"Houma, LA",29.52,-90.67
"Houston Airport, TX",29.97,-95.35
"Houston, TX",29.98,-95.37
"Huntington, IN",40.88,-85.5
"Huntington, WV",38.42,-82.5
"Huntsville Airport, AL",34.7,-86.58
"Huntsville, TX",30.72,-95.55
"Huron Airport, SD",44.38,-98.22
"Hutchinson Airport, KS",38.07,-97.87
"Idaho Falls Airport, ID",43.52,-112.07
"Indianapolis, IN",39.77,-86.16
"International Falls Airport, MN",48.57,-93.38
"Iowa City, IA",41.63,-91.55
"Ithaca - South, NY",42.45,-76.48
"Jackson Airport, MI",42.27,-84.47
"Jackson, MS",32.3,-90.18
"Jackson Airport, TN",35.6,-88.92
"Jacksonville Airport, FL",30.5,-81.7
"Jacksonville, NC",34.83,-77.62
"Jamestown Airport, ND",46.92,-98.68
"Jamestown, NY",42.12,-79.23
"Jefferson City, MO",38.57,-92.18
"Jeffersonville, IN",38.28,-85.75
"Johnstown, PA",40.32,-78.83
"Joliet, IL",41.52,-88.17
"Jonesboro, AR",35.83,-90.7
"Joplin Airport, MO",37.15,-94.5
"Juneau , AK",58.3,-134.42
"Kalamazoo, MI",42.28,-85.6
"Kalispell Airport, MT",48.3,-114.27
"Kaneohe Bay MCAS, HI",21.45,-157.77
"Kankakee, IL",41.08,-87.92
"Kansas City Airport, MO",39.12,-94.58
"Kearney, NE",40.73,-99.02
"Keene, NH",42.92,-72.28
"Kennewick, WA",46.22,-119.13
"Keokuk, IA",40.4,-91.4
"Key West Airport, FL",24.55,-81.75
"Killeen, Robert Gray AAF, TX",31.08,-97.68
"Kingman Airport, AZ",35.2,-114.02
"Kingston, NY",41.93,-74
"Kirksville Airport, MO",40.1,-92.55
"Klamath Falls Airport, OR",42.15,-121.73
"Knoxville Airport, TN",35.82,-83.98
"Kodiak, AK",57.75,-152.48
"Kokomo, IN",40.42,-86.05
"La Crosse Airport, WI",43.87,-91.25
"La Porte, IN",41.6,-86.72
"La Salle-Peru, IL",41.32,-89.1
"Laconia, NH",43.05,-71.05
"Lafayette Airport, LA",30.2,-92
"Lafayette, IN",40.03,-86.08
"LaGrange, GA",33.02,-85.07
"Laguna Beach, CA",33.55,-117.78
"Lajunta Airport, CO",38.05,-103.5
"Lake Charles Airport - South, LA",30.12,-93.22
"Lakeland - South, FL",28.03,-81.95
"Lamesa, TX",32.7,-101.93
"Lancaster, OH",39.73,-82.63
"Lancaster, PA",40.12,-76.3
"Lander Airport - South, WY",42.82,-108.73
"Lansing, MI",42.73,-84.56
"Laramie Airport - South, WY",41.32,-105.68
"Laredo AFB, TX",27.53,-99.45
"Las Cruces, NM",32.3,-106.92
"Las Vegas Airport - South, NV",36.08,-115.17
"Laurel, MS",31.67,-89.17
"Lawrence, MA",42.7,-71.17
"Lawton Airport, OK",34.57,-98.42
"Leadville, CO",39.25,-106.3
"Lewiston Airport, ID",46.38,-117.02
"Lewiston Airport, MT",47.07,-109.45
"Lewiston, ME",44.03,-70.25
"Lexington Airport - South, KY",38.03,-84.6
"Liberal, KS",37.05,-100.97
"Lima, OH",40.7,-84.03
"Lincoln, NE",40.81,-96.7
"Little Rock, AR",34.75,-92.29
"Livermore, CA",37.7,-121.95
"Livingstown Airport, MT",45.7,-110.43
"Lockport, NY",43.15,-79.25
"Logan, UT",41.75,-111.82
"Lompoc, Vandenberg AFB, CA",34.72,-120.57
"Long Beach Airport, CA",33.82,-118.15
"Long Branch, NJ",40.32,-74.02
"Longview, TX",32.47,-94.73
"Longview, WA",46.17,-122.93
"Los Alamos, NM",35.87,-106.32
"Los Angeles - South, CA",34.05,-118.23
"Los Angeles Airport - South, CA",33.93,-118.4
"Louisville Airport, KY",38.18,-85.73
"Lovelock Airport, NV",40.07,-118.55
"Lowell, MA",42.65,-71.32
"Lubbock Airport, TX",33.65,-101.82
"Lufkin Airport, TX",31.42,-94.8
"Lumberton, NC",34.62,-79.07
"Lynchburg Airport, VA",37.33,-79.2
"Macomb, IL",40.47,-90.67
"Macon Airport, GA",32.7,-83.65
"Madison, WI",43.07,-89.38
"Madisonville, KY",37.32,-87.48
"Manchester, Grenier AFB, NH",42.93,-71.43
"Manhattan, Ft Riley - South, KS",39.05,-96.77
"Manitowoc, WI",44.1,-87.68
"Mankato, MN",44.15,-93.98
"Mansfield Airport, OH",40.82,-82.52
"Marietta, Dobbins AFB, GA",33.92,-84.52
"Marinette, WI",45.1,-87.63
"Marion, IN",40.48,-85.68
"Marion, OH",40.6,-83.17
"Marquette, MI",46.57,-87.4
"Marshalltown, IA",42.07,-92.93
"Martinsburg Airport, WV",39.4,-77.98
"Mason City Airport, IA",43.15,-93.33
"Massena Airport, NY",44.93,-74.85
"McAlester, OK",34.83,-95.92
"Mcallen, TX",26.2,-98.22
"Mccomb Airport, MS",31.25,-90.47
"McCook, NE",40.2,-100.63
"Meadville, PA",41.63,-80.17
"Medford Airport - South, OR",42.37,-122.87
"Memphis Airport, TN",35.05,-90
"Merced-Castle AFB, CA",37.38,-120.57
"Meridian Airport, MS",32.33,-88.75
"Mexico, MO",39.18,-91.9
"Miami Airport - South, FL",25.8,-80.27
"Miami Beach, FL",25.78,-80.28
"Middletown, OH",39.52,-84.42
"Midland Airport - South, TX",31.95,-102.18
"Miles City Airport, MT",46.43,-105.87
"Millinocket Airport, ME",45.65,-68.7
"Milwaukee Airport, WI",42.95,-87.9
"Minden, LA",32.6,-93.3
"Mineral Wells Airport, TX",32.78,-98.07
"Minneapolis-St Paul Airport, MN",44.88,-93.22
"Minot Airport, ND",48.42,-101.35
"Missoula Airport, MT",46.92,-114.08
"Mitchell, SD",43.68,-98.02
"Moab, UT",38.6,-109.6
"Moberly, MO",39.4,-92.43
"Mobile Airport, AL",30.68,-88.25
"Mobile, AL",30.67,-88.25
"Modesto, CA",37.65,-121
"Moline Airport, IL",41.45,-90.52
"Monroe Airport, LA",32.52,-92.03
"Monterey, CA",36.6,-121.9
"Montgomery, AL",32.38,-86.3
"Montpelier, VT",44.26,-72.58
"Morgantown Airport, WV",39.65,-79.92
"Moscow, ID",46.73,-116.97
"Moses Lake, Larson AFB, WA",47.2,-119.32
"Mountain Home AFB, ID",43.03,-115.9
"Mt Pleasant, MI",43.58,-84.77
"Mt Vernon, IL",38.32,-88.87
"Muncie, IN",40.18,-85.35
"Murfreesboro, TN",34.92,-86.47
"Muskegon Airport, MI",43.17,-86.23
"Muskogee Airport, OK",35.67,-95.37
"Napa, CA",38.22,-122.28
"Nashville, TN",36.17,-86.78
"Natchez, MS",31.55,-91.38
"Natchitoches, LA",31.77,-93.08
"Needles Airport, CA",34.6,-114.62
"New Bedford, MA",41.68,-70.97
"New Bern Airport, NC",35.08,-77.05
"New Brunswick, NJ",40.48,-74.43
"New Castle, PA",41.02,-80.37
"New Haven Airport, CT",41.32,-73.92
"New London, CT",41.35,-72.1
"New Orleans Airport, LA",29.98,-90.25
"Newark Airport, NJ",40.7,-74.17
"Newark, OH",40.02,-82.47
"Newburgh, Stewart AFB, NY",41.5,-74.1
"Newcastle, WY",43.85,-104.22
"Newport - South, RI",41.5,-71.33
"Newton, IA",41.68,-93.03
"Niagara Falls Airport, NY",43.1,-79.95
"Nogales, AZ",31.35,-110.92
"Norfolk Airport, VA",36.9,-76.2
"Norfolk, NE",41.98,-97.43
"Norman, OK",35.25,-97.48
"North Platte Airport - South, NE",41.13,-100.68
"Norwalk, CT",41.12,-73.42
"Norwalk, OH",41.27,-82.62
"Norwick, CT",41.53,-72.07
"NYC-Central Park - South, NY",40.78,-73.97
"NYC-Kennedy Airport, NY",40.65,-73.78
"NYC-La Guardia Airport, NY",40.77,-73.9
"Oakland Airport, CA",37.82,-122.32
"Ocala, FL",29.18,-82.13
"Oceanside, CA",33.23,-117.42
"Ogden Airport, UT",41.2,-112.02
"Oklahoma City, OK",35.49,-97.5
"Olean, NY",42.23,-78.37
"Olympia Airport, WA",46.97,-122.9
"Omaha Airport, NE",41.3,-95.9
"Oneonta, NY",42.52,-75.07
"Ontario, CA",34.05,-117.6
"Orangeburg, SC",33.5,-80.87
"Orlando Airport, FL",28.55,-81.38
"Oswego, NY",43.47,-76.55
"Ottumwa Airport, IA",41.1,-92.45
"Owensboro, KY",37.75,-87.17
"Oxnard, CA",34.2,-119.18
"Paducah Airport, KY",37.07,-88.77
"Palestine, TX",31.78,-95.63
"Palm Springs, CA",33.82,-116.53
"Palmdale Airport, CA",34.63,-118.1
"Pampa, TX",35.53,-100.98
"Panama City, Tyndall AFB, FL",30.07,-85.58
"Parkersburg, WV",39.27,-81.57
"Parsons, KS",37.33,-95.52
"Pasadena, CA",34.15,-118.15
"Paterson, NJ",40.9,-74.15
"Pecos, TX",31.42,-103.5
"Pendleton Airport, OR",45.68,-118.85
"Pensacola, FL",30.42,-87.22
"Peoria Airport, IL",40.67,-89.68
"Peru, Grissom AFB, IN",40.65,-86.15
"Petaluma, CA",38.23,-122.63
"Petersburg, VA",37.18,-77.52
"Philadelphia Airport, PA",39.88,-75.25
"Phillipsburg, NJ",40.68,-75.18
"Phoenix, AZ",33.45,-112.1
"Pierre, SD",44.37,-100.35
"Pine Bluff Airport, AR",34.3,-92.08
"Pittsburgh Airport, PA",40.5,-80.22
"Pittsburgh, PA",40.45,-80
"Pittsfield Airport, MA",42.43,-73.3
"Plainview, TX",34.18,-101.7
"Plattsburg AFB, NY",44.65,-73.47
"Pocatello Airport, ID",42.92,-112.6
"Pomona, CA",34.05,-117.75
"Ponca City, OK",36.73,-97.1
"Pontiac, MI",42.67,-83.42
"Poplar Bluff, MO",36.77,-90.42
"Port Angeles, WA",48.12,-123.43
"Port Arthur Airport, TX",29.95,-94.02
"Port Huron, MI",42.98,-82.42
"Portland - South, ME",43.65,-70.32
"Portland Airport, OR",45.6,-122.6
"Portland, OR",45.53,-122.67
"Portsmouth, OH",38.75,-82.92
"Portsmouth, Pease AFB, NH",43.07,-70.82
"Poughkeepsie, NY",41.63,-73.92
"Prescott Airport, AZ",34.65,-112.43
"Price, UT",39.62,-110.83
"Providence, RI",41.83,-71.41
"Provo, UT",40.22,-111.72
"Pueblo Airport, CO",38.3,-104.48
"Quincy Airport, IL",39.95,-91.2
"Racine, WI",42.72,-87.85
"Raleigh, NC",35.78,-78.64
"Rantoul, Chanute AFB, IL",40.3,-88.13
"Rapid City Airport - South, SD",44.05,-103.07
"Raton Airport, NM",36.75,-104.5
"Rawlins, WY",41.8,-107.2
"Reading, PA",40.33,-75.63
"Redding Airport, CA",40.52,-122.3
"Redlands, CA",34.05,-117.18
"Reno Airport - South, NV",39.5,-119.78
"Reno, NV",39.5,-119.78
"Richfield, UT",38.77,-112.08
"Richmond Airport, IN",39.77,-84.83
"Richmond, VA",37.54,-77.43
"Richmond, CA",37.93,-122.35
"Riverside-March AFB - South, CA",33.9,-117.25
"Roanoke Airport, VA",37.32,-79.97
"Rochester Airport, MN",43.92,-92.5
"Rochester Airport, NY",43.12,-77.67
"Rock Hill, SC",34.98,-80.97
"Rock Springs Airport, WY",41.6,-109
"Rockford, IL",42.35,-89.05
"Rocky Mount, NC",35.97,-77.8
"Rolla, MO",37.98,-91.72
"Rome, Griffiss AFB, NY",43.23,-75.42
"Roseburg Airport, OR",43.23,-123.37
"Roswell, Walker AFB, NM",33.3,-104.53
"Russell Airport, KS",38.87,-98.82
"Rutland, VT",43.6,-72.97
"Sacramento, CA",38.58,-121.49
"Saginaw Airport, MI",43.53,-84.08
"Salem, OR",44.94,-123.03
"Salina, KS",38.8,-97.65
"Salinas Airport, CA",36.67,-121.6
"Salisbury - South, MD",38.33,-75.5
"Salt Lake City, UT",40.78,-111.89
"San Antonio Airport - South, TX",29.53,-98.47
"San Bernadino, Norton AFB, CA",34.13,-117.27
"San Diego Airport, CA",32.73,-117.17
"San Fernando, CA",34.28,-118.47
"San Francisco Airport, CA",37.62,-122.38
"San Francisco, CA",37.77,-122.43
"San Jose Airport, CA",37.37,-121.93
"San Luis Obispo, CA",35.33,-120.72
"Sandusky, OH",41.45,-82.72
"Santa Ana Airport, CA",33.75,-117.87
"Santa Barbara MAP, CA",34.43,-119.83
"Santa Cruz, CA",36.98,-122.02
"Santa Fe, NM",35.62,-106.08
"Santa Maria Airport - South, CA",34.9,-120.45
"Santa Monica CIC, CA",34.02,-118.48
"Santa Paula, CA",34.35,-119.08
"Santa Rosa, CA",38.52,-122.82
"Sarasota, FL",27.38,-82.55
"Sault Ste. Marie Airport - South, MI",46.47,-84.37
"Savannah, GA",32.13,-81.2
"Schenectady - South, NY",42.85,-73.95
"Scottsbluff Airport, NE",41.87,-103.6
"Scranton-Wilkes-Barre, PA",41.33,-75.73
"Seattle - South, WA",47.65,-122.3
"Seattle-Boeing Field, WA",47.53,-122.3
"Seattle-Tacoma Airport - South, WA",47.45,-122.3
"Sedalia-Whiteman AFB, MO",38.72,-93.55
"Selma-Craig AFB, AL",32.33,-87.98
"Seminole, OK",35.23,-96.67
"Sheboygan, WI",43.75,-87.72
"Shelbyville, IN",39.52,-85.78
"Sheridan Airport, WY",44.77,-106.97
"Sherman, Perrin AFB, TX",33.72,-96.67
"Shreveport Airport - South, LA",32.47,-93.82
"Sidney Airport, NE",41.22,-103.1
"Sikeston, MO",36.88,-89.6
"Sikeston, MO",36.88,-89.6
"Silver City Airport, NM",32.63,-108.17
"Sioux City Airport, IA",42.4,-96.38
"Sioux Falls Airport, SD",43.57,-96.73
"Snyder, TX",32.72,-100.92
"Socorro Airport, NM",34.05,-106.88
"South Bend Airport, IN",41.7,-86.32
"Spartanburg Airport, SC",34.97,-82
"Spokane Airport - South, WA",47.63,-117.52
"Springfield, IL",39.8,-89.65
"Springfield Airport, MO",37.23,-93.38
"Springfield, OH",39.83,-83.83
"Springfield, Westover AFB, MA",42.2,-72.53
"St George, UT",37.03,-113.52
"St Augustine, FL",29.97,-81.33
"St Cloud Airport - South, MN",45.58,-94.18
"St Joseph Airport, MO",39.77,-94.92
"St Louis Airport, MO",38.75,-90.38
"St Louis, MO",38.65,-90.63
"St Petersburg, FL",27.77,-83.33
"St Paul, MN",44.96,-93.1
"Stanford, FL",28.77,-81.28
"State College - South, PA",40.8,-77.87
"Staunton, VA",38.27,-78.9
"Sterling, CO",40.62,-103.2
"Steubenville, OH",40.38,-80.63
"Stevens Point, WI",44.5,-89.57
"Stillwater - South, OK",36.17,-97.08
"Stockton Airport, CA",37.9,-121.25
"Suffolk County AFB, NY",40.85,-72.63
"Sumter, Shaw AFB, SC",33.9,-80.37
"Sunbury, PA",40.88,-76.77
"Syracuse Airport, NY",43.12,-76.12
"Tacoma, McChord AFB, WA",47.25,-122.5
"Talladega, AL",33.45,-86.1
"Tallahassee, FL",30.44,-84.28
"Tampa Airport - South, FL",27.97,-82.53
"Taunton, MA",41.9,-71.07
"Temple, TX",31.1,-97.35
"Terre Haute Airport, IN",39.45,-87.3
"Texarkana Airport, AR",33.45,-93.98
"The Dalles, OR",45.6,-121.2
"Toledo Airport, OH",41.6,-83.8
"Tonopah Airport, NV",38.07,-117.08
"Topeka, KS",39.05,-95.68
"Torrington, WY",42.08,-104.22
"Traverse City Airport, MI",44.75,-85.58
"Trenton, NJ",40.22,-74.77
"Trinidad, CO",37.25,-104.33
"Tucson Airport - South, AZ",32.12,-110.93
"Tucumcari Airport, NM",35.18,-103.6
"Tullahoma, TN",35.38,-86.08
"Tulsa Airport, OK",36.2,-95.9
"Tupelo, MS",34.27,-88.77
"Tuscaloosa Airport, AL",33.22,-87.62
"Twin Falls Airport - South, ID",42.48,-114.48
"Tyler Airport, TX",32.35,-95.27
"Ukiah, CA",39.15,-123.2
"Uniontown, PA",39.92,-79.72
"Utica, NY",43.15,-75.38
"Valdosta-Moody AFB, GA",30.97,-83.2
"Valparaiso, IN",41.52,-87.03
"Vernal Airport, UT",40.45,-109.52
"Vernon, TX",34.17,-99.3
"Vicksburg, MS",32.4,-90.78
"Victoria Airport, TX",28.85,-96.92
"Vincennes, IN",38.68,-87.53
"Vineland, NJ",39.48,-75
"Virginia, MN",47.5,-92.55
"Visalia, CA",36.33,-119.3
"Waco Airport, TX",31.62,-97.22
"Wahiawa, HI",21.05,-158.03
"Walla Walla Airport, WA",46.1,-118.28
"Warren, OH",41.33,-80.85
"Warren, PA",41.85,-79.13
"Washington, National Airport, DC",38.85,-77.03
"Waterbury, CT",41.58,-73.07
"Waterloo, IA",42.55,-92.4
"Watertown Airport, SD",44.92,-97.15
"Watertown, NY",43.98,-76.02
"Waterville, ME",44.53,-69.67
"Waukegan, IL",42.35,-87.88
"Waukesha, WI",43.02,-88.23
"Wausau Airport, WI",44.92,-89.62
"Waycross, GA",31.25,-82.4
"Wenatchee, WA",47.42,-120.32
"West Chester, PA",39.97,-75.63
"West Palm Beach Airport, FL",26.68,-80.1
"Wheeling, WV",40.12,-80.7
"Wichita Airport, KS",37.65,-97.42
"Wichita Falls Airport, TX",33.97,-98.48
"Widsor Locks, Bradley Fld, CT",41.93,-72.68
"Williamsport Airport, PA",41.25,-76.92
"Williston, ND",48.15,-103.58
"Willmar, MN",45.12,-95.08
"Wilmington Airport, DE",39.67,-75.6
"Wilmington Airport, NC",34.27,-77.92
"Winchester, VA",39.2,-78.17
"Winnemucca Airport, NV",40.9,-117.8
"Winona, MN",44.05,-91.63
"Winslow Airport, AZ",35.02,-110.73
"Winston-Salem Airport, NC",36.13,-80.22
"Woodward, OK",36.6,-99.52
"Wooster, OH",40.78,-81.92
"Worcester Airport, MA",42.27,-71.87
"Yakima Airport, WA",46.57,-120.53
"Yankton, SD",42.92,-97.38
"York, PA",39.92,-76.75
"Youngstown Airport, OH",41.27,-80.67
"Ypsilanti, MI",42.23,-83.53
"Yreka, CA",41.72,-122.63
"Yuba City, CA",39.13,-121.6
"Yuma Airport, AZ",32.65,-114.62
"Zanesville Airport, OH",39.95,-81.9
